{"accuracy": [0.5044999718666077, 0.5251666903495789, 0.531000018119812, 0.5339999794960022, 0.5335000157356262, 0.534333348274231, 0.5396666526794434, 0.5328333377838135, 0.5429999828338623, 0.5393333435058594, 0.5513333082199097, 0.5428333282470703, 0.5508333444595337, 0.5485000014305115, 0.5544999837875366, 0.5609999895095825, 0.5603333115577698, 0.5640000104904175, 0.5661666393280029, 0.5640000104904175, 0.5681666731834412, 0.5789999961853027, 0.57833331823349, 0.5898333191871643, 0.5876666903495789, 0.5929999947547913, 0.5898333191871643, 0.5899999737739563, 0.5853333473205566, 0.5926666855812073, 0.5881666541099548, 0.6025000214576721, 0.5945000052452087, 0.5976666808128357, 0.6103333234786987, 0.6043333411216736, 0.606166660785675, 0.6039999723434448, 0.6104999780654907, 0.6000000238418579, 0.6039999723434448, 0.6025000214576721, 0.6150000095367432, 0.6039999723434448, 0.6039999723434448, 0.6154999732971191, 0.6173333525657654, 0.6118333339691162, 0.6153333187103271, 0.6104999780654907, 0.6103333234786987, 0.6128333210945129], "loss": [1.0281435251235962, 0.7232948541641235, 0.7019511461257935, 0.6953005194664001, 0.695288896560669, 0.6920350790023804, 0.6904110312461853, 0.6916848421096802, 0.6890642046928406, 0.689340353012085, 0.6853901147842407, 0.6848506927490234, 0.6805946230888367, 0.6790247559547424, 0.6730312705039978, 0.6709924936294556, 0.6727118492126465, 0.6680243611335754, 0.6659810543060303, 0.6624794006347656, 0.6595466136932373, 0.660617470741272, 0.6574661135673523, 0.6551857590675354, 0.6599401831626892, 0.6563897132873535, 0.6569885611534119, 0.6546070575714111, 0.6543155312538147, 0.6517382860183716, 0.6503380537033081, 0.6561195254325867, 0.6548750996589661, 0.6518263816833496, 0.6485098600387573, 0.6498218774795532, 0.6454797387123108, 0.6444339156150818, 0.6427417993545532, 0.6473067402839661, 0.6487323641777039, 0.6470044851303101, 0.6464735865592957, 0.6511965990066528, 0.6475687026977539, 0.6408430933952332, 0.6439908742904663, 0.6429210901260376, 0.6445015668869019, 0.6454291343688965, 0.641413152217865, 0.6420125961303711], "val_accuracy": [0.5307142734527588, 0.5321428775787354, 0.5328571200370789, 0.5342857241630554, 0.5357142686843872, 0.5350000262260437, 0.5360714197158813, 0.5357142686843872, 0.539642870426178, 0.5389285683631897, 0.5428571701049805, 0.5496428608894348, 0.5514285564422607, 0.5507143139839172, 0.5571428537368774, 0.5707142949104309, 0.568928599357605, 0.5717856884002686, 0.5685714483261108, 0.5724999904632568, 0.5714285969734192, 0.5746428370475769, 0.604285717010498, 0.6078571677207947, 0.6349999904632568, 0.6382142901420593, 0.6385714411735535, 0.6367856860160828, 0.6367856860160828, 0.6346428394317627, 0.6324999928474426, 0.6357142925262451, 0.6385714411735535, 0.6424999833106995, 0.6328571438789368, 0.6446428298950195, 0.6428571343421936, 0.6389285922050476, 0.6385714411735535, 0.645714282989502, 0.643928587436676, 0.6407142877578735, 0.645714282989502, 0.6428571343421936, 0.6410714387893677, 0.6421428322792053, 0.6428571343421936, 0.6442857384681702, 0.6396428346633911, 0.6385714411735535, 0.6364285945892334, 0.6332142949104309], "val_loss": [0.6975228190422058, 0.6917153596878052, 0.6911652684211731, 0.6905115246772766, 0.6905303001403809, 0.6904271841049194, 0.6901983022689819, 0.6901000142097473, 0.6883959770202637, 0.6875334978103638, 0.6851162314414978, 0.6820871233940125, 0.6784250736236572, 0.6737065315246582, 0.6684767603874207, 0.6633937954902649, 0.6636966466903687, 0.6571795344352722, 0.6590672135353088, 0.6517584323883057, 0.6510653495788574, 0.6498497128486633, 0.6471231579780579, 0.6461836695671082, 0.6438507437705994, 0.6395731568336487, 0.6389207243919373, 0.6389440298080444, 0.6395834684371948, 0.639007568359375, 0.6386007070541382, 0.6341229677200317, 0.6375738978385925, 0.6368967890739441, 0.6363597512245178, 0.6337829232215881, 0.6353764533996582, 0.6336333751678467, 0.6330059170722961, 0.6330254673957825, 0.6316553354263306, 0.6336081624031067, 0.6295773983001709, 0.6313199996948242, 0.6314640641212463, 0.6269292831420898, 0.6263818740844727, 0.6269746422767639, 0.6285176873207092, 0.6296324133872986, 0.6270361542701721, 0.6273059844970703]}